,song,artist,album,duration,date,date_album,explicit,popularity,adalaber,imagen,url_cancion,uri,danceability,energy,key,loudness,mode,speechiness,acousticness,instrumentalness,liveness,valence,tempo
0,La vereda de la puerta de atrás,Extremoduro,"Yo, Minoría Absoluta",243320,2022-07-12T09:08:16Z,2002-03-01,False,62,user1,https://i.scdn.co/image/ab67616d0000b2737d95383aa4544f540f26c513,https://open.spotify.com/track/4kJP8Z888wREJ8bRMWNMuk,spotify:track:4kJP8Z888wREJ8bRMWNMuk,0.403,0.893,9,-2.735,0,0.0474,0.437,0.000173,0.11,0.527,141.194
1,La molinera,La Maravillosa Orquesta del Alcohol,Nuevo Cancionero Burgalés,166359,2022-07-12T09:08:32Z,2021-12-17,False,44,user1,https://i.scdn.co/image/ab67616d0000b2732c98f75ac47019523948a54f,https://open.spotify.com/track/505xdNAPS23sCjcsSyDjkN,spotify:track:505xdNAPS23sCjcsSyDjkN,0.424,0.476,0,-7.516,1,0.0362,0.605,1.64e-06,0.359,0.669,115.921
2,Mes de mayo,La Maravillosa Orquesta del Alcohol,Nuevo Cancionero Burgalés,149915,2022-07-12T09:08:37Z,2021-12-17,False,42,user1,https://i.scdn.co/image/ab67616d0000b2732c98f75ac47019523948a54f,https://open.spotify.com/track/5NC544ZW2nMWmb2K45F798,spotify:track:5NC544ZW2nMWmb2K45F798,0.632,0.484,7,-7.747,1,0.0263,0.44,1.93e-05,0.287,0.397,123.516
3,Si Quieres,Cariño,Si Quieres,167044,2022-07-12T09:21:05Z,2021-12-15,False,56,user1,https://i.scdn.co/image/ab67616d0000b27393e0aa1fb06f339317ba4a89,https://open.spotify.com/track/4eus2M68qtL8u8MWHHaxGG,spotify:track:4eus2M68qtL8u8MWHHaxGG,0.511,0.846,11,-3.803,1,0.0992,0.000866,0.000539,0.122,0.963,190.123
4,Tighten Up,The Black Keys,Brothers (Deluxe Edition),211040,2022-07-12T10:16:20Z,2010-05-18,False,0,user2,https://i.scdn.co/image/ab67616d0000b2733ef96926eb357b5c5bae803e,https://open.spotify.com/track/77KdcSx54OXNKvn6vMFCod,spotify:track:77KdcSx54OXNKvn6vMFCod,0.528,0.7,6,-6.103,0,0.0721,0.00136,5.14e-06,0.439,0.634,108.979
5,What You Know,Two Door Cinema Club,Tourist History,191426,2022-07-12T10:16:30Z,2010-04-27,False,57,user2,https://i.scdn.co/image/ab67616d0000b2733b38d380de72fd8b55a5fc2e,https://open.spotify.com/track/0oEweHsuQagFuqXct9UvBm,spotify:track:0oEweHsuQagFuqXct9UvBm,0.549,0.755,6,-3.991,0,0.0403,0.000741,6.06e-06,0.0786,0.818,139.034
6,"Hold On, We're Going Home","['Drake', 'Majid Jordan']",Nothing Was The Same (Deluxe),227880,2022-07-12T10:17:13Z,2013-01-01,False,73,user2,https://i.scdn.co/image/ab67616d0000b273adfb5909ec66db5fbb4d06c8,https://open.spotify.com/track/6jdOi5U5LBzQrc4c1VT983,spotify:track:6jdOi5U5LBzQrc4c1VT983,0.773,0.414,6,-7.436,0,0.0961,0.00411,3.4e-05,0.0733,0.289,99.993
7,Una Persona Sospechosa,Los Punsetes,Aniquilación,163266,2022-07-18T06:26:59Z,2019-10-04,False,41,user3,https://i.scdn.co/image/ab67616d0000b273f89b2adcea8d0d68f59bcceb,https://open.spotify.com/track/03N3GfcATqhDRFqyfftGdu,spotify:track:03N3GfcATqhDRFqyfftGdu,0.522,0.943,0,-3.762,1,0.118,0.00437,0.00766,0.109,0.534,172.08
8,La Revolución Sexual,La Casa Azul,La Revolución Sexual,274160,2022-07-18T06:29:48Z,2007-11-03,False,58,user3,https://i.scdn.co/image/ab67616d0000b273fead9af722d0862748c48293,https://open.spotify.com/track/5zHvsFZoCzLmhbRbYDkg42,spotify:track:5zHvsFZoCzLmhbRbYDkg42,0.686,0.877,0,-5.201,1,0.0373,0.00254,0.000977,0.0791,0.396,117.01
9,Lime Scurvy,El Pony Pisador,Matricular una galera,279280,2022-07-23T10:49:45Z,2019-12-13,False,18,user3,https://i.scdn.co/image/ab67616d0000b273e0d9fe2ccead119dcccca8db,https://open.spotify.com/track/08F38cMAF5bkAZNztO1JPm,spotify:track:08F38cMAF5bkAZNztO1JPm,0.404,0.829,2,-8.479,1,0.0427,0.0488,0.00329,0.038,0.962,142.059
10,Asado de fa,Sara Hebe,Puentera,186357,2022-07-25T08:06:21Z,2012,False,46,user3,https://i.scdn.co/image/ab67616d0000b2737b5700691cf8e72fec324d65,https://open.spotify.com/track/0cc3HERtXGbBijz4EGqIWW,spotify:track:0cc3HERtXGbBijz4EGqIWW,0.733,0.647,0,-4.654,1,0.269,0.442,0.0,0.117,0.834,85.085
11,DESPECHÁ,ROSALÍA,DESPECHÁ,157017,2022-07-29T13:37:14Z,2022-07-28,False,92,user3,https://i.scdn.co/image/ab67616d0000b2738f072024e0358fc5c62eba41,https://open.spotify.com/track/5ildQOEKmJuWGl2vRkFdYc,spotify:track:5ildQOEKmJuWGl2vRkFdYc,0.919,0.623,7,-6.521,1,0.0992,0.184,1.63e-05,0.0609,0.775,130.037
12,Lobby Music (Original Soundtrack),Kahoot!,Lobby Music (Original Soundtrack),144008,2022-08-19T09:46:15Z,2013-03-05,False,49,user4,https://i.scdn.co/image/ab67616d0000b27363cd4c15622c673478406f2e,https://open.spotify.com/track/7IEdlE4ZwzPDxnoWFv10aj,spotify:track:7IEdlE4ZwzPDxnoWFv10aj,0.818,0.693,0,-15.818,0,0.117,0.0244,0.89,0.0925,0.968,119.968
13,KITT y los coches del pasado,"['Ladilla Rusa', 'Joan Colomo', 'Los Ganglios', 'Laura Santos', 'Lady Gipsy']",KITT y los coches del pasado,250411,2022-08-19T09:48:12Z,2019-03-29,False,45,user4,https://i.scdn.co/image/ab67616d0000b273ccb4e9a3e67183b876269141,https://open.spotify.com/track/09AitOsHz0VArhXmVOl4ip,spotify:track:09AitOsHz0VArhXmVOl4ip,0.754,0.864,0,-7.154,1,0.0604,0.00689,0.0,0.0679,0.843,140.02
14,Don Vito y la Revuelta en el Frenopático,Kortatu,A Frontline Compilation,112720,2022-08-19T09:48:26Z,1983-05-15,False,40,user4,https://i.scdn.co/image/ab67616d0000b273fb44af8f379e54c125a447a4,https://open.spotify.com/track/4EBFU2ujZgudwRUsi588jo,spotify:track:4EBFU2ujZgudwRUsi588jo,0.704,0.953,8,-7.713,1,0.305,0.709,0.0,0.13,0.604,95.318
15,Los Otakus,Astrud,Tú No Existes,292640,2022-08-23T17:46:49Z,2007-05-15,False,4,user3,https://i.scdn.co/image/ab67616d0000b2739d090497eaa2106770418825,https://open.spotify.com/track/3q8QTTkv8OgumsI7RIuGq0,spotify:track:3q8QTTkv8OgumsI7RIuGq0,0.453,0.573,7,-10.261,1,0.0483,0.47,2.58e-06,0.105,0.24,149.985
16,Gritando Amor,Luis Miguélez,Gritando Amor,313920,2022-08-31T17:41:04Z,2017-06-16,False,6,user3,https://i.scdn.co/image/ab67616d0000b2735c6b1932f7ea79cb91d6b204,https://open.spotify.com/track/2fviW9O2umUtGIPd6uoLls,spotify:track:2fviW9O2umUtGIPd6uoLls,0.595,0.905,10,-3.632,1,0.118,0.0134,9.62e-06,0.305,0.66,124.964
17,Spanish Bombs - Remastered,The Clash,London Calling (Remastered),198866,2022-09-01T15:35:35Z,1979,False,54,user3,https://i.scdn.co/image/ab67616d0000b273cd9d8bc9ef04014b6e90e182,https://open.spotify.com/track/6wtmql7FJ7SSLuSw8JD8rX,spotify:track:6wtmql7FJ7SSLuSw8JD8rX,0.609,0.799,11,-7.902,0,0.0346,0.0458,0.0,0.21,0.77,149.046
18,Fight For Your Right,Beastie Boys,Licensed To Ill,208653,2022-09-02T14:54:46Z,1986-11-15,False,69,user3,https://i.scdn.co/image/ab67616d0000b273a7ea08ab3914c5fb2084a8ac,https://open.spotify.com/track/5NLuC70kZQv8q34QyQa1DP,spotify:track:5NLuC70kZQv8q34QyQa1DP,0.503,0.858,8,-6.296,1,0.0657,0.00757,0.00234,0.0803,0.419,133.615
19,Piernas,Aterciopelados,Claroscura,251453,2022-09-04T10:11:07Z,2018-05-30,True,19,user3,https://i.scdn.co/image/ab67616d0000b2735f6f0cb5921c66e476acfd61,https://open.spotify.com/track/51kPib6RR40mQQhzU08jzv,spotify:track:51kPib6RR40mQQhzU08jzv,0.65,0.626,11,-5.12,1,0.0395,0.325,0.0,0.105,0.818,138.034
20,"Comer, Comer",Quim Barreiros,O Melhor De Quim Barreiros,230202,2022-09-17T23:36:11Z,2003,False,21,user4,https://i.scdn.co/image/ab67616d0000b273178e1ab177d560a8b0c2c11b,https://open.spotify.com/track/5WL5hEMLIYc11GnroGnszW,spotify:track:5WL5hEMLIYc11GnroGnszW,0.743,0.963,5,-4.923,1,0.0459,0.0848,0.0,0.279,0.963,135.094
21,What's Up?,4 Non Blondes,"Bigger, Better, Faster, More !",295533,2022-09-18T06:46:13Z,1992-01-01,False,79,user5,https://i.scdn.co/image/ab67616d0000b273381371cb8ce680d0dc324600,https://open.spotify.com/track/0jWgAnTrNZmOGmqgvHhZEm,spotify:track:0jWgAnTrNZmOGmqgvHhZEm,0.565,0.564,2,-10.044,1,0.0292,0.161,0.0,0.114,0.454,134.355
22,Sweet Child O Mine,"['Viggo Mortensen', 'George MacKay', 'Samantha Isler', 'Annalise Basso', 'Nicholas Hamilton', 'Kirk Ross', 'Philip Klein']",Captain Fantastic (Original Motion Picture Soundtrack),219733,2022-09-18T06:46:33Z,2016-07-15,False,49,user5,https://i.scdn.co/image/ab67616d0000b2732f2453dd68ddb2172b1c4217,https://open.spotify.com/track/5vOWPj3J5C937jSNyOIoLV,spotify:track:5vOWPj3J5C937jSNyOIoLV,0.487,0.445,7,-8.769,1,0.0464,0.657,0.0115,0.0674,0.412,124.943
23,Permanent Holiday,Mike Love,The Change I'm Seeking,482173,2022-09-18T06:47:44Z,2012-12-21,False,50,user5,https://i.scdn.co/image/ab67616d0000b27336da23c86c9a14e6891fc2a3,https://open.spotify.com/track/73gASYnzwZAzq5IYQf4Hff,spotify:track:73gASYnzwZAzq5IYQf4Hff,0.851,0.505,2,-5.648,0,0.139,0.406,1.15e-06,0.13,0.784,112.843
24,31 Flavors - Live,Trevor Hall,Chasing The Flame: On The Road With Trevor Hall,224973,2022-09-18T06:48:51Z,2010-01-01,False,11,user5,https://i.scdn.co/image/ab67616d0000b273cd8795cc235894788528e74e,https://open.spotify.com/track/04j1RTHkymB6Kk1o0aJo9U,spotify:track:04j1RTHkymB6Kk1o0aJo9U,0.367,0.793,4,-6.357,1,0.0549,0.359,0.0,0.841,0.75,145.976
25,Quien Manda,Mala Rodríguez,Bruja,167053,2022-09-18T07:00:06Z,2013-01-01,False,43,user5,https://i.scdn.co/image/ab67616d0000b273b36a2284e69a4b0e4fdfcf26,https://open.spotify.com/track/689o09PSSPw3BxnZHk2hNC,spotify:track:689o09PSSPw3BxnZHk2hNC,0.684,0.633,6,-3.921,1,0.211,0.0675,3.23e-06,0.0657,0.518,174.153
26,Deshice De Mi,Fémina,Deshice De Mi,258399,2022-09-18T07:01:12Z,2015-07-23,False,34,user5,https://i.scdn.co/image/ab67616d0000b273b65b4e8da584e1677dddd6b6,https://open.spotify.com/track/2ehzSpyl5zW4N6gXGJ0sXx,spotify:track:2ehzSpyl5zW4N6gXGJ0sXx,0.741,0.83,2,-7.467,1,0.0685,0.431,0.00381,0.128,0.67,108.034
27,Pero Es Locura,"['Fémina', 'Germán Cohen', 'Fermín Echeveste']",Traspasa,271573,2022-09-18T07:01:29Z,2014-10-20,False,38,user5,https://i.scdn.co/image/ab67616d0000b273325146207fd3a216b9474a18,https://open.spotify.com/track/5A7axrnjunywfdJw8evuMv,spotify:track:5A7axrnjunywfdJw8evuMv,0.77,0.731,0,-6.04,1,0.0412,0.544,2.09e-05,0.0973,0.912,99.044
28,No Me Toques Mal,"['Santiago Navas', 'La Muchacha']",No Me Toques Mal,238709,2022-09-18T07:01:52Z,2020-02-07,True,42,user5,https://i.scdn.co/image/ab67616d0000b2739b4bd352a43998ce8a3f9bbd,https://open.spotify.com/track/0g5dlQUamND1QwiY1yLD6I,spotify:track:0g5dlQUamND1QwiY1yLD6I,0.757,0.621,6,-8.315,0,0.436,0.653,1.68e-05,0.0829,0.672,185.727
29,Pa'l Monte (Versión al Natural),La Muchacha,Polen,254366,2022-09-18T07:02:24Z,2018-06-26,False,41,user5,https://i.scdn.co/image/ab67616d0000b27393cac2f5791a3814f2e208dd,https://open.spotify.com/track/3byOaLt6VVVuOtcngp4VpF,spotify:track:3byOaLt6VVVuOtcngp4VpF,0.408,0.109,6,-15.049,1,0.0539,0.967,0.0,0.0592,0.4,175.613
30,Reverdecer,Perotá Chingó,Aguas,115753,2022-09-18T07:02:42Z,2017-08-01,False,43,user5,https://i.scdn.co/image/ab67616d0000b2732553314119318dd516cedb59,https://open.spotify.com/track/1zgEVjZuV0T6jTj33HO8oX,spotify:track:1zgEVjZuV0T6jTj33HO8oX,0.608,0.0348,9,-19.689,0,0.201,0.943,0.0,0.416,0.0866,126.482
31,Esencia,KeTeKalles,Hurgar y Sacar,274840,2022-09-18T07:03:26Z,2016-12-21,False,36,user5,https://i.scdn.co/image/ab67616d0000b27390d0dab9c74ff41067b70b88,https://open.spotify.com/track/5qEDalpZyEJd2eXSjWH7Sp,spotify:track:5qEDalpZyEJd2eXSjWH7Sp,0.586,0.343,9,-14.388,0,0.448,0.396,0.0,0.0998,0.497,96.265
32,Todo Vibra,Paloma del Cerro,Para Bien,268358,2022-09-18T07:03:42Z,2015-12-01,False,36,user5,https://i.scdn.co/image/ab67616d0000b273b1a5bc71f8d736eabc92e0cf,https://open.spotify.com/track/0l5cfaaUQJrZpH2TUD0bwS,spotify:track:0l5cfaaUQJrZpH2TUD0bwS,0.545,0.568,7,-8.631,1,0.108,0.189,0.0301,0.129,0.286,126.759
33,I Could Have Lied,Red Hot Chili Peppers,Blood Sugar Sex Magik (Deluxe Edition),244400,2022-09-18T07:07:31Z,1991-09-24,True,59,user5,https://i.scdn.co/image/ab67616d0000b273153d79816d853f2694b2cc70,https://open.spotify.com/track/0NSbiBKXoODbsPwjSivfBr,spotify:track:0NSbiBKXoODbsPwjSivfBr,0.56,0.209,7,-13.591,1,0.039,0.0132,0.551,0.342,0.407,140.744
34,The Past Recedes,John Frusciante,Curtains,233626,2022-09-18T07:07:47Z,2004,False,50,user5,https://i.scdn.co/image/ab67616d0000b2739a5f34517e3b55324e523a73,https://open.spotify.com/track/6Dm2KfuPBa3eXOgHaT88r4,spotify:track:6Dm2KfuPBa3eXOgHaT88r4,0.381,0.334,7,-11.36,1,0.0271,0.202,0.000203,0.411,0.171,102.632
35,Pretty Little Ditty - Remastered,Red Hot Chili Peppers,Mother's Milk,187813,2022-09-18T07:08:23Z,1989-08-16,False,46,user5,https://i.scdn.co/image/ab67616d0000b27379ac84696fa8624e97684d27,https://open.spotify.com/track/0VNgwKioO0om8n9R3oBoIj,spotify:track:0VNgwKioO0om8n9R3oBoIj,0.396,0.657,7,-7.691,1,0.0311,0.026,0.907,0.133,0.245,100.177
36,Um Contra o Outro - Studio,Deolinda,Dois Selos e um Carimbo,216240,2022-09-18T07:13:02Z,2010-11-08,False,27,user5,https://i.scdn.co/image/ab67616d0000b2739d8ea57a630628ddbc763018,https://open.spotify.com/track/2JvrftWneq7VGWayz1Kzwa,spotify:track:2JvrftWneq7VGWayz1Kzwa,0.73,0.447,9,-10.225,0,0.0503,0.907,0.0119,0.102,0.448,154.344
37,Movimiento,Jorge Drexler,Salvavidas de hielo,231653,2022-09-18T07:13:26Z,2017-09-22,False,49,user5,https://i.scdn.co/image/ab67616d0000b2734062d0b07c3a74ab73632475,https://open.spotify.com/track/7pBoi7yWCPzn3UjeMsGKg6,spotify:track:7pBoi7yWCPzn3UjeMsGKg6,0.784,0.457,2,-12.511,1,0.057,0.9,0.0299,0.112,0.546,125.021
38,Crimen,Gustavo Cerati,Ahí Vamos,232026,2022-09-19T04:49:38Z,2006-04-04,False,71,user6,https://i.scdn.co/image/ab67616d0000b273d543f7c7de880da5370922c0,https://open.spotify.com/track/3oqWr0jDWNXxWufNogGREp,spotify:track:3oqWr0jDWNXxWufNogGREp,0.537,0.502,4,-8.406,1,0.025,0.44,0.0709,0.199,0.288,80.511
39,Lucha De Gigantes,Nacha Pop,Amores Perros (Soundtrack),239800,2022-09-19T04:49:52Z,2000-01-01,False,55,user6,https://i.scdn.co/image/ab67616d0000b2730a76e5e5bd2defb60bea0e29,https://open.spotify.com/track/43GjYlBkIaEW2laq9D4Rr0,spotify:track:43GjYlBkIaEW2laq9D4Rr0,0.394,0.622,11,-7.932,0,0.0302,0.0505,0.000163,0.108,0.144,113.341
40,2 Corazones,Fobia,Rosa Venus,191826,2022-09-19T04:50:01Z,2005-08-23,False,48,user6,https://i.scdn.co/image/ab67616d0000b2733c1a9acd5a7056597fd47341,https://open.spotify.com/track/2rZaLiGz7459J981yEqneK,spotify:track:2rZaLiGz7459J981yEqneK,0.479,0.953,2,-4.95,1,0.0361,0.000138,0.00102,0.334,0.543,141.982
41,September,"Earth, Wind & Fire","The Best Of Earth, Wind & Fire Vol. 1",215093,2022-09-19T04:50:19Z,1978-11-23,False,82,user6,https://i.scdn.co/image/ab67616d0000b2734dd033f4cf3a0a58059cde69,https://open.spotify.com/track/2grjqo0Frpf2okIBiifQKs,spotify:track:2grjqo0Frpf2okIBiifQKs,0.697,0.832,9,-7.264,1,0.0298,0.168,0.00131,0.269,0.979,125.926
42,Play That Funky Music,Wild Cherry,Wild Cherry,300000,2022-09-19T04:50:24Z,1976,False,70,user6,https://i.scdn.co/image/ab67616d0000b273d419ed4f1e89669ce14bd369,https://open.spotify.com/track/5uuJruktM9fMdN9Va0DUMl,spotify:track:5uuJruktM9fMdN9Va0DUMl,0.814,0.672,9,-12.068,1,0.0619,0.0435,0.0,0.061,0.933,109.394
43,Don't Stop 'Til You Get Enough - 2003 Edit,Michael Jackson,Number Ones,236440,2022-09-19T04:51:03Z,2003-11-18,False,59,user6,https://i.scdn.co/image/ab67616d0000b2735dfb1bcbc7c58c52c9e5c0be,https://open.spotify.com/track/1HRtVWNhS9tEvDQyOKD9Fs,spotify:track:1HRtVWNhS9tEvDQyOKD9Fs,0.872,0.946,4,-3.105,1,0.0656,0.0502,0.0161,0.298,0.943,119.01
44,Bitter Sweet Symphony,The Verve,Urban Hymns (Remastered 2016),357266,2022-09-19T04:51:12Z,1997-09-29,False,79,user6,https://i.scdn.co/image/ab67616d0000b273707d13d3f87652e737e94d45,https://open.spotify.com/track/57iDDD9N9tTWe75x6qhStw,spotify:track:57iDDD9N9tTWe75x6qhStw,0.356,0.917,9,-6.006,1,0.0479,0.0335,0.0,0.406,0.518,171.176
45,Losing My Religion,R.E.M.,Out Of Time (25th Anniversary Edition),268426,2022-09-19T04:51:28Z,1991-03-12,False,83,user6,https://i.scdn.co/image/ab67616d0000b273e2dd4e821bcc3f70dc0c8ffd,https://open.spotify.com/track/31AOj9sFz2gM0O3hMARRBx,spotify:track:31AOj9sFz2gM0O3hMARRBx,0.666,0.855,9,-5.051,0,0.0295,0.179,1.2e-06,0.0987,0.803,125.639
46,Wonderwall,Oasis,Upside Down: The Story Of Creation OST,258866,2022-09-19T04:51:34Z,2011-05-06,False,62,user6,https://i.scdn.co/image/ab67616d0000b273d877cbe5dc3c15082228e87d,https://open.spotify.com/track/4yBiZFLXn0n9AUJ5sWO88k,spotify:track:4yBiZFLXn0n9AUJ5sWO88k,0.402,0.845,2,-6.459,1,0.0319,0.000676,0.0,0.158,0.686,174.727
47,Where Is My Mind?,Pixies,Death to the Pixies,229226,2022-09-19T04:51:48Z,1997-10-06,False,77,user6,https://i.scdn.co/image/ab67616d0000b27350a3ed031b6db60772915efc,https://open.spotify.com/track/0KzAbK6nItSqNh8q70tb0K,spotify:track:0KzAbK6nItSqNh8q70tb0K,0.513,0.442,4,-13.529,1,0.0343,0.00731,0.000838,0.0878,0.243,81.201
48,It's My Life,No Doubt,It's My Life,226053,2022-09-19T04:51:53Z,2003-01-01,False,52,user6,https://i.scdn.co/image/ab67616d0000b27380b2e67cf5fcd534a0b8a8b3,https://open.spotify.com/track/0mav6n8nq1QYVecjGNO472,spotify:track:0mav6n8nq1QYVecjGNO472,0.612,0.735,8,-5.074,0,0.0282,0.00202,0.00118,0.328,0.783,126.326
49,Hollaback Girl,Gwen Stefani,Love Angel Music Baby,199853,2022-09-19T04:52:03Z,2004-11-22,True,69,user6,https://i.scdn.co/image/ab67616d0000b273f049fc9322f0c93646cdcc77,https://open.spotify.com/track/0eqH0ALoDQevq59YcQ53KE,spotify:track:0eqH0ALoDQevq59YcQ53KE,0.926,0.916,10,-2.221,0,0.0929,0.35,6.17e-06,0.0234,0.904,110.007
50,Personal Jesus,Depeche Mode,Violator,223880,2022-09-19T04:52:09Z,1990-03-19,False,58,user6,https://i.scdn.co/image/ab67616d0000b27385ee9ec1ed0c9a58c7384923,https://open.spotify.com/track/4P9iHeHiwzZAqvQCdoLkGg,spotify:track:4P9iHeHiwzZAqvQCdoLkGg,0.657,0.803,1,-8.08,1,0.0392,0.0586,0.0226,0.0583,0.834,129.861
51,Precious,"['Depeche Mode', 'Steve Fitzmaurice']",Playing the Angel,245866,2022-09-19T04:52:12Z,2005-10-18,False,58,user6,https://i.scdn.co/image/ab67616d0000b273e2fc1a0739dedfe8f0ad1fc3,https://open.spotify.com/track/3c4bJL7mARZvd387847GsC,spotify:track:3c4bJL7mARZvd387847GsC,0.568,0.837,1,-6.138,1,0.0266,0.09,0.0587,0.0994,0.853,104.988
52,Coffee & TV,Blur,13,358773,2022-09-19T04:52:18Z,1999,False,62,user6,https://i.scdn.co/image/ab67616d0000b27394983882a5effd77742a9f52,https://open.spotify.com/track/5eSllZgRWCIJsDTAqFRwQw,spotify:track:5eSllZgRWCIJsDTAqFRwQw,0.743,0.742,2,-10.117,1,0.0367,0.051,0.234,0.0987,0.706,121.604
53,The Man Who Sold The World - MTV Unplugged,Nirvana,Nirvana (International Version),230266,2022-09-19T04:52:23Z,2002-01-01,False,0,user6,https://i.scdn.co/image/ab67616d0000b273fa394d472a0633d8ffc52e9d,https://open.spotify.com/track/3jxrPXWriZPIXKGbuniXhW,spotify:track:3jxrPXWriZPIXKGbuniXhW,0.484,0.687,1,-7.746,0,0.0294,0.37,0.000271,0.914,0.411,114.98
54,Animal Instinct,The Cranberries,Bury The Hatchet,211066,2022-09-19T04:52:40Z,1999-04-19,False,62,user6,https://i.scdn.co/image/ab67616d0000b273b81b7c1663be64a39433eb35,https://open.spotify.com/track/3J58Ccc5iTbCRnYx2xjo6d,spotify:track:3J58Ccc5iTbCRnYx2xjo6d,0.61,0.85,4,-5.411,0,0.0307,0.089,0.0,0.256,0.604,132.174
55,Time to Pretend,MGMT,Oracular Spectacular,261000,2022-09-19T04:53:10Z,2007-12-14,True,70,user6,https://i.scdn.co/image/ab67616d0000b2738b32b139981e79f2ebe005eb,https://open.spotify.com/track/4iG2gAwKXsOcijVaVXzRPW,spotify:track:4iG2gAwKXsOcijVaVXzRPW,0.438,0.94,2,-3.249,1,0.0452,8.74e-05,0.0777,0.3,0.421,100.99
56,Kids,MGMT,Oracular Spectacular,302840,2022-09-19T04:53:13Z,2007-12-14,False,77,user6,https://i.scdn.co/image/ab67616d0000b2738b32b139981e79f2ebe005eb,https://open.spotify.com/track/1jJci4qxiYcOHhQR247rEU,spotify:track:1jJci4qxiYcOHhQR247rEU,0.451,0.931,9,-3.871,1,0.0719,0.00076,0.0049,0.361,0.172,122.961
57,No Dices Mas,Mœnia,Adicion,259800,2022-09-19T04:53:29Z,1999-01-01,False,62,user6,https://i.scdn.co/image/ab67616d0000b27396ef54d65e887c3cddda1da5,https://open.spotify.com/track/2udRqNX3z2OjdqR01ebDwU,spotify:track:2udRqNX3z2OjdqR01ebDwU,0.707,0.716,1,-6.939,1,0.0277,0.109,0.000929,0.059,0.597,127.017
58,Brillas,León Larregui,Solstis - De León Larregui,226186,2022-09-19T04:53:53Z,2012-01-01,False,36,user6,https://i.scdn.co/image/ab67616d0000b273833110ebd5e6cdf55d5ec0e8,https://open.spotify.com/track/6VuUMo1TusnqBxLTnr3hOI,spotify:track:6VuUMo1TusnqBxLTnr3hOI,0.625,0.433,9,-12.963,1,0.0366,0.376,0.00103,0.248,0.274,93.041
59,Me Gustas Tu,Manu Chao,Próxima Estación: Esperanza,239986,2022-09-19T04:53:59Z,2001-06-01,False,77,user6,https://i.scdn.co/image/ab67616d0000b2731dcba4a728ca0b17cbd204a5,https://open.spotify.com/track/6b37xrsNCWYIUphFBazqD6,spotify:track:6b37xrsNCWYIUphFBazqD6,0.657,0.741,11,-6.822,0,0.0825,0.663,0.494,0.222,0.908,175.949
60,El lado oscuro,Jarabe De Palo,La Flaca,288053,2022-09-19T04:54:06Z,1996-09-30,False,66,user6,https://i.scdn.co/image/ab67616d0000b27347a83522c634e84f937a897e,https://open.spotify.com/track/3AR1c3Dssq51WlGGkuYJNj,spotify:track:3AR1c3Dssq51WlGGkuYJNj,0.818,0.723,7,-6.702,0,0.0296,0.528,0.000591,0.0905,0.748,98.049
61,Contigo (feat. Natalia Lafourcade),"['El Canto Del Loco', 'Natalia Lafourcade']",Radio la Colifata Presenta: El Canto del Loco,214853,2022-09-19T04:54:13Z,2009-11-24,False,62,user6,https://i.scdn.co/image/ab67616d0000b273c22e9dd3a02fe8a5fcd15178,https://open.spotify.com/track/3StCElHKaN6ASLf7Pymdum,spotify:track:3StCElHKaN6ASLf7Pymdum,0.727,0.628,1,-7.3,0,0.0269,0.213,0.0,0.12,0.686,118.007
62,Lost on You,LP,Lost on You,268105,2022-09-19T04:54:21Z,2017-05-05,False,75,user6,https://i.scdn.co/image/ab67616d0000b273edd52840c88ba5e7163071cf,https://open.spotify.com/track/2LIh4uzqq9cXMPzzmcToHl,spotify:track:2LIh4uzqq9cXMPzzmcToHl,0.433,0.724,5,-6.126,0,0.0372,0.1,0.0,0.0918,0.689,174.006
63,Tightrope,LP,Lost on You,218644,2022-09-19T04:54:25Z,2017-05-05,False,57,user6,https://i.scdn.co/image/ab67616d0000b273edd52840c88ba5e7163071cf,https://open.spotify.com/track/7yEdqN44nhoAUco674ChDg,spotify:track:7yEdqN44nhoAUco674ChDg,0.472,0.823,8,-4.192,0,0.0763,0.134,0.0,0.11,0.41,159.888
64,Opening Song - Merry-Go-Round of Life,Joe Hisaishi,Howl's Moving Castle Soundtrack,153573,2022-09-19T04:55:31Z,2004-11-19,False,59,user6,https://i.scdn.co/image/ab67616d0000b27362c1f3370811c52ae2d26d24,https://open.spotify.com/track/3cIKojC2JBVIno9b35MJWn,spotify:track:3cIKojC2JBVIno9b35MJWn,0.325,0.0947,2,-20.885,0,0.0333,0.906,0.869,0.571,0.0949,49.034
65,"El Lago De Los Cisnes - Op. 20, Acto II: 10. Scene (Moderato)","['Pyotr Ilyich Tchaikovsky', 'Inma Shara']",La Isla De Los Sonidos: La Ciudad Sin Luz,186906,2022-09-19T04:56:11Z,2011-11-15,False,50,user6,https://i.scdn.co/image/ab67616d0000b2739cb08a2f9804ac4103231eca,https://open.spotify.com/track/5fUKjWT9DXC1yYRnvumMXe,spotify:track:5fUKjWT9DXC1yYRnvumMXe,0.099,0.123,11,-18.441,0,0.0403,0.931,0.944,0.162,0.0596,72.881
66,Carmen Suite No. 1: 5. Les toréadors,"['Georges Bizet', 'Orchestre de Paris', 'Semyon Bychkov']",50 Classical Music Favorites,133093,2022-09-19T04:56:25Z,2009-01-01,False,32,user6,https://i.scdn.co/image/ab67616d0000b27310cc5418f5395da58a0e486f,https://open.spotify.com/track/2IMAMTrvNJStRj1opG5QFf,spotify:track:2IMAMTrvNJStRj1opG5QFf,0.339,0.34,5,-16.004,1,0.0406,0.717,2.06e-05,0.0845,0.77,126.986
67,"Habanera From ""Carmen"" / La Cumparsita",Martynas,Martynas,202520,2022-09-19T04:56:35Z,2013-01-01,False,28,user6,https://i.scdn.co/image/ab67616d0000b273ae8762368415b31e5110dd01,https://open.spotify.com/track/5d5XD2kovYy6FLjBD7xFUE,spotify:track:5d5XD2kovYy6FLjBD7xFUE,0.604,0.371,2,-9.256,1,0.0403,0.383,0.0682,0.0957,0.794,125.69
68,Dreaming Light,Anathema,We're Here Because We're Here,347066,2022-09-19T04:57:49Z,2010-05-31,False,30,user6,https://i.scdn.co/image/ab67616d0000b27316b66f1d0d0f7a5980fee7ef,https://open.spotify.com/track/6B7kVEKfMmCna18xD43B46,spotify:track:6B7kVEKfMmCna18xD43B46,0.183,0.348,6,-9.521,1,0.0282,0.393,0.0249,0.172,0.0399,75.862
69,A Natural Disaster - Remastered,Anathema,A Natural Disaster (Remastered),387680,2022-09-19T04:58:10Z,2003,False,33,user6,https://i.scdn.co/image/ab67616d0000b273f1dcc969f77870a66f3e6b3c,https://open.spotify.com/track/2Qn1vOdrfwcn1xZg5RZNSB,spotify:track:2Qn1vOdrfwcn1xZg5RZNSB,0.32,0.292,4,-9.328,0,0.0297,0.0701,0.00753,0.12,0.12,111.707
70,I Don't Care,"['Apocalyptica', 'Adam Gonthier']",Worlds Collide,237346,2022-09-19T04:58:28Z,2007,False,58,user6,https://i.scdn.co/image/ab67616d0000b27329e90501a1ea82739e39da5f,https://open.spotify.com/track/1WxF4gMsFXnKCyh48CW2RI,spotify:track:1WxF4gMsFXnKCyh48CW2RI,0.274,0.792,2,-4.388,0,0.0413,0.00833,0.0,0.131,0.092,179.067
71,Hello - Remastered,Blackfield,Blackfield (Remastered),185724,2022-09-19T04:59:04Z,2004-01-01,False,31,user6,https://i.scdn.co/image/ab67616d0000b273513d6513b16f9e27707730b7,https://open.spotify.com/track/42eDq9cKFkLzNDn3cFajfc,spotify:track:42eDq9cKFkLzNDn3cFajfc,0.419,0.429,0,-8.807,0,0.0264,0.236,0.0451,0.175,0.212,65.732
72,Momento,Los Cafres,Barrilete,349520,2022-09-19T04:59:38Z,2007-11-11,False,55,user6,https://i.scdn.co/image/ab67616d0000b27393a8b3c84c9e8ea1998cda1b,https://open.spotify.com/track/1eQU5ex4RcVjz55hWPeJzc,spotify:track:1eQU5ex4RcVjz55hWPeJzc,0.72,0.693,2,-6.226,1,0.088,0.18,9.19e-06,0.0626,0.713,86.983
73,La Flor,Nonpalidece,Nonpalidesenchufado,314772,2022-09-19T05:00:00Z,2010-11-09,False,58,user6,https://i.scdn.co/image/ab67616d0000b273a4deabb873647aa2eedd29e2,https://open.spotify.com/track/2x9kIjm8AejYJCunY9yKOA,spotify:track:2x9kIjm8AejYJCunY9yKOA,0.672,0.651,10,-7.573,1,0.0461,0.234,0.000515,0.936,0.532,149.062
74,Sacred Worlds,Blind Guardian,At the Edge of Time,559080,2022-09-19T05:00:56Z,2010-07-29,False,21,user6,https://i.scdn.co/image/ab67616d0000b273784db9fae9c55ba6988396bf,https://open.spotify.com/track/57OaGNfexIf1epqn9m6RP7,spotify:track:57OaGNfexIf1epqn9m6RP7,0.124,0.808,3,-9.005,0,0.134,0.000348,0.642,0.255,0.114,170.227
75,Que No,Café Tacvba,Jei Beibi,325000,2022-09-19T05:01:36Z,2017-05-05,False,51,user6,https://i.scdn.co/image/ab67616d0000b2735babb9e30600d13edcdaa7fb,https://open.spotify.com/track/10atyYpAMMlqPHVDt6yER8,spotify:track:10atyYpAMMlqPHVDt6yER8,0.517,0.506,2,-7.92,1,0.0283,0.0928,4.28e-06,0.129,0.366,162.083
76,Futuro,Café Tacvba,Futuro,188284,2022-09-19T05:01:46Z,2017-01-01,False,49,user6,https://i.scdn.co/image/ab67616d0000b273e823cff061d6e13b1877948e,https://open.spotify.com/track/6laXuicq6I0gBwD3D80Cgr,spotify:track:6laXuicq6I0gBwD3D80Cgr,0.7,0.606,7,-7.869,1,0.0322,0.0101,2.39e-05,0.206,0.714,147.004
77,María,Café Tacvba,Tiempo transcurrido,231200,2022-09-19T05:02:15Z,2001-08-21,False,35,user6,https://i.scdn.co/image/ab67616d0000b273349ae2f10e1ef9c06aa48800,https://open.spotify.com/track/0n87CbnNAALfncvCy5Oe5u,spotify:track:0n87CbnNAALfncvCy5Oe5u,0.754,0.524,4,-8.024,1,0.029,0.0318,0.00248,0.11,0.669,123.907
78,Ayer Me Dijo un Ave,Caifanes,El Nervio Del Volcan,210893,2022-09-19T05:02:33Z,1994,False,60,user6,https://i.scdn.co/image/ab67616d0000b27336aeaab4dc91a8dea53a2d8f,https://open.spotify.com/track/6gpsPg8kaMbc8rcuHw7t1i,spotify:track:6gpsPg8kaMbc8rcuHw7t1i,0.666,0.187,1,-18.557,0,0.0368,0.67,0.0645,0.0873,0.179,123.876
79,Song of the Dispossessed - Remastered,Dead Can Dance,Spiritchaser (Remastered),300360,2022-09-19T05:02:50Z,1996-06-03,False,33,user6,https://i.scdn.co/image/ab67616d0000b27395154b699fd06bf1e42c0600,https://open.spotify.com/track/6HvsvRSgFQESI89ZWuCtXh,spotify:track:6HvsvRSgFQESI89ZWuCtXh,0.689,0.443,7,-10.721,1,0.0347,0.553,0.165,0.132,0.294,91.037
80,Enjoy the Silence,"['Depeche Mode', 'Daniel Miller', 'Phil Legg']","Violator | The 12"" Singles",257630,2022-09-19T05:03:05Z,2022-04-01,False,67,user6,https://i.scdn.co/image/ab67616d0000b273972ac79d249efed1c7b2c8c1,https://open.spotify.com/track/0yp3TvJNlG50Q4tAHWNCRm,spotify:track:0yp3TvJNlG50Q4tAHWNCRm,0.626,0.667,0,-11.817,0,0.0283,0.209,0.000257,0.0779,0.83,112.776
81,I Can Almost See You,Hammock,Raising Your Voice... Trying to Stop an Echo (Deluxe Edition),255335,2022-09-19T05:03:23Z,2006-08-06,False,50,user6,https://i.scdn.co/image/ab67616d0000b27398c72e33061991493e145f9d,https://open.spotify.com/track/11n8LudggXuZXmldSlAadR,spotify:track:11n8LudggXuZXmldSlAadR,0.0748,0.523,4,-8.069,1,0.0354,0.782,0.866,0.0886,0.0383,74.195
82,Vodka,Korpiklaani,Karkelo,179653,2022-09-19T05:03:42Z,2009-06-26,False,55,user6,https://i.scdn.co/image/ab67616d0000b273a1e5380ce40b525560d74c67,https://open.spotify.com/track/2k6dU3c2IBotzynOyevHJx,spotify:track:2k6dU3c2IBotzynOyevHJx,0.353,0.96,7,-5.588,1,0.227,6.17e-05,0.000371,0.926,0.267,180.061
83,Take Me Somewhere Nice,Mogwai,Rock Action,417226,2022-09-19T05:04:08Z,2001-04-30,False,50,user6,https://i.scdn.co/image/ab67616d0000b27351a7616f95f2981549822d25,https://open.spotify.com/track/3s2MZsEfiMe7ZjiRtun6wv,spotify:track:3s2MZsEfiMe7ZjiRtun6wv,0.459,0.562,2,-8.771,1,0.0297,0.391,0.287,0.0935,0.0733,124.202
84,Beauty Of The Beast,Nightwish,Century Child,620840,2022-09-19T05:04:46Z,2002,False,39,user6,https://i.scdn.co/image/ab67616d0000b273fc452e32475d74850c7eec51,https://open.spotify.com/track/7hgrgE0wgunzOvbH7JLUqZ,spotify:track:7hgrgE0wgunzOvbH7JLUqZ,0.218,0.856,2,-7.876,0,0.0483,0.000188,0.0434,0.188,0.309,87.421
85,Lazarus,Porcupine Tree,Deadwing,258586,2022-09-19T05:05:27Z,2005-03-28,False,52,user6,https://i.scdn.co/image/ab67616d0000b273c6d4bd61f23b5a6a183a648b,https://open.spotify.com/track/0OtXJQBLb7wPXL2XyN2cFW,spotify:track:0OtXJQBLb7wPXL2XyN2cFW,0.354,0.581,9,-6.074,1,0.0302,0.201,0.661,0.177,0.338,171.961
86,Fake Plastic Trees,Radiohead,The Bends,290706,2022-09-19T05:06:35Z,1995-03-13,False,71,user6,https://i.scdn.co/image/ab67616d0000b2739293c743fa542094336c5e12,https://open.spotify.com/track/73CKjW3vsUXRpy3NnX4H7F,spotify:track:73CKjW3vsUXRpy3NnX4H7F,0.463,0.229,2,-12.592,1,0.0297,0.167,0.0997,0.202,0.135,73.543
87,Clenching the Fists of Dissent,Machine Head,The Blackening,636800,2022-09-19T05:07:54Z,2007,True,34,user6,https://i.scdn.co/image/ab67616d0000b273f5d43f3706b43f6f318c9c64,https://open.spotify.com/track/7ao9MKmhkjeFxw0alndkdM,spotify:track:7ao9MKmhkjeFxw0alndkdM,0.26,0.986,1,-5.22,0,0.369,0.000119,0.0122,0.0807,0.0379,137.365
88,Svefn-g-englar,Sigur Rós,Ágætis byrjun,606850,2022-09-19T05:08:38Z,1999-06-12,False,56,user6,https://i.scdn.co/image/ab67616d0000b27397d4015428c1ae8409236f69,https://open.spotify.com/track/07eGxuz8bL6QMsRqEe1Adu,spotify:track:07eGxuz8bL6QMsRqEe1Adu,0.2,0.466,9,-12.298,1,0.0486,0.557,0.702,0.108,0.0572,136.913
89,Olsen olsen,Sigur Rós,Ágætis byrjun,482946,2022-09-19T05:08:46Z,1999-06-12,False,49,user6,https://i.scdn.co/image/ab67616d0000b27397d4015428c1ae8409236f69,https://open.spotify.com/track/0S9w3jx4cO9rSBcGwB16in,spotify:track:0S9w3jx4cO9rSBcGwB16in,0.19,0.482,2,-11.912,1,0.0469,0.33,0.798,0.0926,0.228,134.418
90,1979 - Remastered 2012,The Smashing Pumpkins,Mellon Collie And The Infinite Sadness (Deluxe Edition),266200,2022-09-19T05:09:06Z,1995,False,76,user6,https://i.scdn.co/image/ab67616d0000b273431ac6e6f393acf475730ec6,https://open.spotify.com/track/5QLHGv0DfpeXLNFo7SFEy1,spotify:track:5QLHGv0DfpeXLNFo7SFEy1,0.767,0.787,3,-9.897,1,0.0331,0.0163,0.583,0.0513,0.964,126.879
91,"Try, Try, Try",The Smashing Pumpkins,Machina / The Machines Of God,309026,2022-09-19T05:09:35Z,2000-02-29,False,46,user6,https://i.scdn.co/image/ab67616d0000b273e24f7aaa97e6311d8fa89e1c,https://open.spotify.com/track/1P5dqn2alGf98KJzWU6iCE,spotify:track:1P5dqn2alGf98KJzWU6iCE,0.537,0.854,2,-6.32,1,0.0293,0.00137,0.877,0.0999,0.389,107.867
92,Broken,"['Seether', 'Amy Lee']",Disclaimer II,258333,2022-09-19T05:10:05Z,2004-01-01,False,69,user6,https://i.scdn.co/image/ab67616d0000b2732b08b69dddd1cb3976a9fa40,https://open.spotify.com/track/507bYMYfbm6sUS9iEAaeSd,spotify:track:507bYMYfbm6sUS9iEAaeSd,0.448,0.61,3,-2.695,0,0.0342,0.0102,0.000491,0.135,0.214,123.762
93,In der Palästra,Sopor Aeternus & The Ensemble Of Shadows,Les Fleurs Du Mal,429146,2022-09-19T05:11:26Z,2008-10-31,False,39,user6,https://i.scdn.co/image/ab67616d0000b273942bdc0a539f148bf3599745,https://open.spotify.com/track/6Ys2QHWm57xwZZsVB4BlDV,spotify:track:6Ys2QHWm57xwZZsVB4BlDV,0.368,0.68,3,-8.161,1,0.0329,0.00285,3.46e-06,0.15,0.22,147.602
94,Drive Home,Steven Wilson,The Raven That Refused to Sing (and Other Stories),457250,2022-09-19T05:11:34Z,2013-02-25,False,46,user6,https://i.scdn.co/image/ab67616d0000b273957ae146a564181e7bbbfbd2,https://open.spotify.com/track/4kZbYkUuDHyphD71bPMYL1,spotify:track:4kZbYkUuDHyphD71bPMYL1,0.447,0.343,2,-11.625,1,0.0311,0.0419,0.329,0.102,0.0777,123.904
95,Pariah,"['Steven Wilson', 'Ninet Tayeb']",To The Bone,286225,2022-09-19T05:11:48Z,2017-08-18,False,45,user6,https://i.scdn.co/image/ab67616d0000b2732d98afe7647cff8d3ae94be3,https://open.spotify.com/track/7CcaktZZsdb8AWPdhDM38f,spotify:track:7CcaktZZsdb8AWPdhDM38f,0.497,0.213,6,-13.199,0,0.0317,0.102,0.112,0.21,0.0412,135.03
96,I Held the Mone,sToa,Zal,162640,2022-09-19T05:12:28Z,2004,False,13,user6,https://i.scdn.co/image/ab67616d0000b2737b504bda30b8713343a2bac2,https://open.spotify.com/track/2rI63V8yibcpyH3d4b4WFj,spotify:track:2rI63V8yibcpyH3d4b4WFj,0.515,0.0832,2,-20.124,0,0.0573,0.936,0.89,0.0845,0.195,83.415
97,Broken Glass,sToa,Silmand,202413,2022-09-19T05:12:36Z,2008-10-17,False,16,user6,https://i.scdn.co/image/ab67616d0000b27381d3b9760c7c21c2b15bd611,https://open.spotify.com/track/2ceFgPOU4knUkbTQZiyTTE,spotify:track:2ceFgPOU4knUkbTQZiyTTE,0.405,0.185,7,-15.806,0,0.0369,0.756,0.00013,0.124,0.129,171.828
98,Cheap Thrills,Sia,This Is Acting,211666,2022-09-19T05:14:03Z,2016-01-29,False,77,user6,https://i.scdn.co/image/ab67616d0000b27349e0134c686547c28b7c999f,https://open.spotify.com/track/27SdWb2rFzO6GWiYDBTD9j,spotify:track:27SdWb2rFzO6GWiYDBTD9j,0.628,0.698,6,-5.608,0,0.105,0.0472,0.00143,0.0907,0.732,89.976
99,Chandelier,Sia,1000 Forms Of Fear,216120,2022-09-19T05:14:08Z,2014-07-04,False,79,user6,https://i.scdn.co/image/ab67616d0000b2735d199c9f6e6562aafa5aa357,https://open.spotify.com/track/4VrWlk8IQxevMvERoX08iC,spotify:track:4VrWlk8IQxevMvERoX08iC,0.399,0.787,1,-2.88,1,0.0499,0.0197,6.07e-05,0.0685,0.572,117.089
100,Fourth of July,Sufjan Stevens,Carrie & Lowell,279316,2022-09-19T05:14:23Z,2015-03-31,False,80,user6,https://i.scdn.co/image/ab67616d0000b273820e2ac14772ae3162c6d479,https://open.spotify.com/track/5Qnrgqy1pAm9GyNQOgyVFz,spotify:track:5Qnrgqy1pAm9GyNQOgyVFz,0.435,0.104,6,-22.39,0,0.0445,0.973,0.33,0.119,0.162,120.484
101,Seven Swans,Sufjan Stevens,Seven Swans,393346,2022-09-19T05:14:32Z,2004-03-16,False,35,user6,https://i.scdn.co/image/ab67616d0000b2737f4e05714b5d4d43486f39a8,https://open.spotify.com/track/6WgpLUTtNab8s8PnMNiKbM,spotify:track:6WgpLUTtNab8s8PnMNiKbM,0.576,0.25,2,-10.747,1,0.0336,0.92,0.0725,0.077,0.16,94.647
102,Lemuria,Therion,Lemuria,255413,2022-09-19T05:14:45Z,2004-05-24,False,44,user6,https://i.scdn.co/image/ab67616d0000b273d034933389cdb3f6794daa49,https://open.spotify.com/track/0lWYqPPmSQ0LIY4nN29QAl,spotify:track:0lWYqPPmSQ0LIY4nN29QAl,0.502,0.5,0,-7.796,1,0.0297,0.202,0.000989,0.141,0.193,119.756
103,Closer,Travis,The Boy With No Name,240626,2022-09-19T05:14:56Z,2007-05-07,False,59,user6,https://i.scdn.co/image/ab67616d0000b273443f3925eb0e8292d3c38594,https://open.spotify.com/track/7jP2937OACDPrN53DzO0Ye,spotify:track:7jP2937OACDPrN53DzO0Ye,0.538,0.581,5,-7.816,1,0.0235,0.204,5.26e-05,0.13,0.269,108.108
104,Game Over Shanghai (Liu Yang River),Zoé,Programaton,305320,2022-09-19T05:15:40Z,2013-01-01,False,42,user6,https://i.scdn.co/image/ab67616d0000b2732fab9c100d51bfb22d5aff6c,https://open.spotify.com/track/6blghPkCqNaiQBQmcgo9oa,spotify:track:6blghPkCqNaiQBQmcgo9oa,0.495,0.665,9,-7.4,1,0.0295,0.4,0.105,0.139,0.178,92.987
105,Paula,Zoé,Memo Rex Commander y el Corazón Atómico de la Vía Láctea,260160,2022-09-19T05:16:14Z,2006-07-12,False,58,user6,https://i.scdn.co/image/ab67616d0000b2730b8e3472fbc48bce859650f9,https://open.spotify.com/track/3IZjc0jcWpTLiTkJJCTyrE,spotify:track:3IZjc0jcWpTLiTkJJCTyrE,0.481,0.519,7,-6.704,1,0.0264,0.211,8.5e-06,0.114,0.254,79.006
106,Vía Láctea,Zoé,Memo Rex Commander y el Corazón Atómico de la Vía Láctea,248133,2022-09-19T05:16:19Z,2006-07-12,False,56,user6,https://i.scdn.co/image/ab67616d0000b2730b8e3472fbc48bce859650f9,https://open.spotify.com/track/1nquycJ4zLhrT23rwtH5Wj,spotify:track:1nquycJ4zLhrT23rwtH5Wj,0.534,0.759,7,-4.781,1,0.0469,0.0624,0.00484,0.104,0.574,150.976
107,Quemas,"['Ede', 'Xoel López']",Quemas,202000,2022-09-19T06:33:44Z,2021-03-11,False,39,user7,https://i.scdn.co/image/ab67616d0000b273c868c5b78656cc4b82cd7e59,https://open.spotify.com/track/1CXzP10vXUYr8p6DxCKfG2,spotify:track:1CXzP10vXUYr8p6DxCKfG2,0.444,0.225,3,-10.08,1,0.0387,0.807,1.4e-06,0.221,0.153,96.599
108,Hace días (feat. Ciudad Jara),"['Colectivo Panamera', 'Ciudad Jara']",Mares por navegar,200002,2022-09-19T06:33:59Z,2021-04-23,False,38,user7,https://i.scdn.co/image/ab67616d0000b273aec92dab3a4a3aec1d360926,https://open.spotify.com/track/6a0p6W0CQtro3ODHdqWI1w,spotify:track:6a0p6W0CQtro3ODHdqWI1w,0.94,0.449,7,-6.472,1,0.0614,0.146,0.0,0.0989,0.911,124.997
109,Te llevo dentro (feat. Rozalén) - Mix 2019,"['Colectivo Panamera', 'Rozalén']",Colectivo Panamera (Edición especial),205512,2022-09-19T06:34:05Z,2019-07-03,False,49,user7,https://i.scdn.co/image/ab67616d0000b273d8311277adb26e15fcb8cf85,https://open.spotify.com/track/7efyDVJM7aCSgT2sPVIQ8M,spotify:track:7efyDVJM7aCSgT2sPVIQ8M,0.735,0.626,1,-6.591,0,0.26,0.0843,0.0,0.0483,0.92,175.024
110,Sinmigo,"['Mr. Kilombo', 'Rozalén']",Cerrando Puntos Suspensivos,217373,2022-09-19T06:34:19Z,2018-11-23,False,52,user7,https://i.scdn.co/image/ab67616d0000b2737709d3d11ab84a94bd007021,https://open.spotify.com/track/4GjjFFJpivq5otRgAfUGqw,spotify:track:4GjjFFJpivq5otRgAfUGqw,0.596,0.405,7,-9.141,1,0.0344,0.66,8.79e-06,0.11,0.319,93.089
111,El huracán (feat. Mr. Kilombo) - Acústica,"['Colectivo Panamera', 'Mr. Kilombo']",Colectivo Panamera (Edición especial),220001,2022-09-19T06:34:43Z,2019-07-03,False,48,user7,https://i.scdn.co/image/ab67616d0000b273d8311277adb26e15fcb8cf85,https://open.spotify.com/track/0FVCyel1CUAVKvB6ktWsa5,spotify:track:0FVCyel1CUAVKvB6ktWsa5,0.786,0.628,2,-9.212,1,0.0572,0.42,0.00155,0.0871,0.791,88.982
112,Milonga de Aquí,SES,Co Xenio Destrozado,260240,2022-09-19T06:35:43Z,2013-06-11,False,29,user7,https://i.scdn.co/image/ab67616d0000b273954ba4c276381961985c8917,https://open.spotify.com/track/0t0NucYqOHXcGPEyl0UICO,spotify:track:0t0NucYqOHXcGPEyl0UICO,0.579,0.518,8,-9.078,1,0.035,0.732,0.0,0.159,0.962,170.444
113,Morriña,Baiuca,Solpor,171748,2022-09-19T06:36:19Z,2018-04-06,False,42,user7,https://i.scdn.co/image/ab67616d0000b27349152ea77fa692fb30b4b7d1,https://open.spotify.com/track/6L7bBUqH6MSMugUQ9abOs5,spotify:track:6L7bBUqH6MSMugUQ9abOs5,0.676,0.789,9,-6.665,0,0.0426,0.288,0.000299,0.0832,0.77,150.025
114,Lodo,Xoel López,Sueños y Pan,193344,2022-09-19T06:41:29Z,2017-11-17,False,53,user8,https://i.scdn.co/image/ab67616d0000b273d765a1ea74abec19419ae77d,https://open.spotify.com/track/4EeoKXsFvTM4tlzv4fjIUb,spotify:track:4EeoKXsFvTM4tlzv4fjIUb,0.623,0.537,4,-9.929,1,0.0371,0.666,0.329,0.274,0.672,110.98
115,Plage,Crystal Fighters,Star of Love,230480,2022-09-19T06:41:43Z,2010-10-24,False,51,user8,https://i.scdn.co/image/ab67616d0000b2738d92084fb3f15d5f8965eb51,https://open.spotify.com/track/6y4sVRatVOlBRref1xUqTO,spotify:track:6y4sVRatVOlBRref1xUqTO,0.689,0.828,4,-6.412,1,0.0415,0.105,0.0237,0.154,0.264,134.028
116,Lucky Man,The Verve,Urban Hymns (Deluxe / Remastered 2016),293586,2022-09-19T06:42:34Z,1997-09-29,False,66,user8,https://i.scdn.co/image/ab67616d0000b273c038b03e66fb6de76a5b3904,https://open.spotify.com/track/2mxPSHEwjJWOQS7lGw6btF,spotify:track:2mxPSHEwjJWOQS7lGw6btF,0.407,0.663,2,-7.591,1,0.0305,0.255,0.000166,0.0913,0.211,75.989
117,I Guess That's Why They Call It The Blues,Elton John,Too Low For Zero,285333,2022-09-19T06:42:40Z,1983-05-30,False,69,user8,https://i.scdn.co/image/ab67616d0000b273eb11e2abccdca41f39ad3b89,https://open.spotify.com/track/23l1kVpqMVREiwU1YAlcr4,spotify:track:23l1kVpqMVREiwU1YAlcr4,0.673,0.663,0,-7.29,1,0.0269,0.217,0.017,0.177,0.671,120.634
118,I Want More,KALEO,I Want More / Break My Baby,212392,2022-09-19T06:42:56Z,2020-01-15,False,55,user8,https://i.scdn.co/image/ab67616d0000b2732b52c71710e60f97f19439d4,https://open.spotify.com/track/4xQRRue5qsu2tULiz7UDKi,spotify:track:4xQRRue5qsu2tULiz7UDKi,0.55,0.531,8,-7.431,1,0.0309,0.256,0.0,0.0509,0.364,98.014
119,Hand In Hand,Dire Straits,Making Movies,287800,2022-09-19T06:43:20Z,1980-10-17,False,49,user8,https://i.scdn.co/image/ab67616d0000b273d5b6cadaeec32b45bf0d7cf7,https://open.spotify.com/track/1N5w5JlZKaeOMJLziWRq6L,spotify:track:1N5w5JlZKaeOMJLziWRq6L,0.664,0.48,9,-10.883,0,0.0315,0.404,0.000388,0.106,0.438,107.695
120,My Universe,"['Coldplay', 'BTS']",Music Of The Spheres,226198,2022-09-19T07:04:11Z,2021-10-15,False,80,user8,https://i.scdn.co/image/ab67616d0000b273ec10f247b100da1ce0d80b6d,https://open.spotify.com/track/46HNZY1i7O6jwTA7Slo2PI,spotify:track:46HNZY1i7O6jwTA7Slo2PI,0.573,0.711,1,-6.268,0,0.0406,0.0114,0.0,0.328,0.47,105.006
121,Tierra,Xoel López,Atlántico,238386,2022-09-19T07:04:44Z,2012-04-17,False,49,user8,https://i.scdn.co/image/ab67616d0000b27317d578892a759229763e3263,https://open.spotify.com/track/6wNnwGKmH9u2HSAjUQ4kdR,spotify:track:6wNnwGKmH9u2HSAjUQ4kdR,0.437,0.532,4,-11.022,1,0.0329,0.676,0.000646,0.101,0.543,87.02
122,Alex Turner,Ginebras,Ansiedad,159786,2022-09-19T07:06:05Z,2022-09-08,True,28,user8,https://i.scdn.co/image/ab67616d0000b273ee3a43d82a5f63089026d6f2,https://open.spotify.com/track/1Gj956HpDmOloOcmlT0NWq,spotify:track:1Gj956HpDmOloOcmlT0NWq,0.229,0.926,11,-2.677,1,0.0461,0.00013,0.218,0.354,0.73,123.957
123,She's A Rainbow,The Rolling Stones,She's A Rainbow / Dandelion / We Love You,253720,2022-09-19T07:06:26Z,2020-10-09,False,65,user8,https://i.scdn.co/image/ab67616d0000b273b98f37642280c7edad050c5e,https://open.spotify.com/track/6KOtheMY0KN4s9TrQHr9It,spotify:track:6KOtheMY0KN4s9TrQHr9It,0.464,0.824,10,-7.359,1,0.0374,0.467,0.018,0.33,0.539,109.298
124,Some Kind Of Love,The Killers,Wonderful Wonderful,278093,2022-09-19T07:06:39Z,2017-09-22,False,51,user8,https://i.scdn.co/image/ab67616d0000b273f65523eab3152dcca83b6fca,https://open.spotify.com/track/0vicQm86o7GnT42GdG34sA,spotify:track:0vicQm86o7GnT42GdG34sA,0.246,0.482,8,-9.949,1,0.0359,0.713,0.226,0.102,0.0776,141.863
125,JOVEN PARA SIEMPRE,Funzo & Baby Loud,JOVEN PARA SIEMPRE,169374,2022-09-19T07:06:52Z,2021-03-05,False,55,user8,https://i.scdn.co/image/ab67616d0000b2731b3e8b294b6809f6c719e59a,https://open.spotify.com/track/2hSBhzE4hbWRWl4PLMiJsu,spotify:track:2hSBhzE4hbWRWl4PLMiJsu,0.537,0.904,5,-5.868,1,0.106,0.0399,0.0,0.393,0.75,179.961
126,Libertad,Nil Moliner,Libertad,218079,2022-09-19T09:52:50Z,2021-04-09,False,60,user8,https://i.scdn.co/image/ab67616d0000b273dd229df301b6eb02e0ee6a2c,https://open.spotify.com/track/6Qi1MNFHCLo4bVsV14MOmz,spotify:track:6Qi1MNFHCLo4bVsV14MOmz,0.605,0.703,4,-6.707,1,0.0303,0.0648,0.0,0.117,0.686,132.081
127,National Anthem of the Ussr,The Red Army Choir,The Best of the Red Army Choir,224720,2022-09-21T08:32:57Z,2002,False,44,user4,https://i.scdn.co/image/ab67616d0000b273e5c8e5d1513b52288c186b4b,https://open.spotify.com/track/5q8idxw8fkJCajhQoYN894,spotify:track:5q8idxw8fkJCajhQoYN894,0.248,0.351,3,-6.735,1,0.0317,0.57,0.342,0.0775,0.511,67.9
128,It's Oh So Quiet,Björk,Post,218733,2022-09-30T06:30:27Z,1995-06-13,False,57,user3,https://i.scdn.co/image/ab67616d0000b2735092260f47e0d95717b834c3,https://open.spotify.com/track/3CMVjlbvNJMHDfYPX7xCpi,spotify:track:3CMVjlbvNJMHDfYPX7xCpi,0.461,0.129,3,-14.189,1,0.0565,0.652,0.0,0.07,0.246,129.19
129,Femme Like U (feat. Emma Peters),"['Monaldin', 'Emma Peters']",Femme Like U (feat. Emma Peters),137824,2022-10-07T08:20:57Z,2020-11-13,False,62,user3,https://i.scdn.co/image/ab67616d0000b2733b7dea13c00bdb81fc7c1b4a,https://open.spotify.com/track/670E2HDx684Yq0rhf84CQc,spotify:track:670E2HDx684Yq0rhf84CQc,0.749,0.655,6,-9.008,0,0.0552,0.578,0.0972,0.222,0.477,114.975
